rec_id,msgs,fixations,morph_type,lst_type,target,preview,sentence,boundary_index,sentence_len,boundary_shift,pre_target,post_target,type,TextBlock,adjusted_seq,trial_id,GD,FFD,GPD,FoM,trial_type
17,"['trial 1 start', 'trial 1 end']","FixationSequence[Fixation[762,587], ..., Fixation[1533,541]]",simple,3,lettuce,lattuga,To their frustration only some X and corn would grow in this poor soil.,30,77,-160.0,To their frustration only some , and corn would grow in this poor soil.,trial,TextBlock[To their frustrat...],"FixationSequence[Fixation[762,587], ..., Fixation[1533,534]]",1,221,221,221,n/a,cognate
18,"['trial 2 start', 'trial 2 end']","FixationSequence[Fixation[876,551], ..., Fixation[1244,550]]",simple,1,molecule,molecule,Even a solitary X remaining is incredibly unlikely.,15,58,-400.0,Even a solitary , remaining is incredibly unlikely.,trial,TextBlock[Even a solitary m...],"FixationSequence[Fixation[876,551], ..., Fixation[1244,534]]",2,207,207,207,n/a,identical
19,"['trial 3 start', 'trial 3 end']","FixationSequence[Fixation[799,553], ..., Fixation[1468,555]]",complex,2,genetics,genetics,Due to your particular X you have an increased risk of cancer.,22,69,-288.0,Due to your particular , you have an increased risk of cancer.,trial,TextBlock[Due to your parti...],"FixationSequence[Fixation[799,553], ..., Fixation[1468,534]]",3,324,183,324,183,identical
23,"['trial 4 start', 'trial 4 end']","FixationSequence[Fixation[1161,597], ..., Fixation[1376,526]]",complex,4,soloist,rbgvhkf,Jessica was a former X for the national orchestra in Paris.,20,65,-320.0,Jessica was a former , for the national orchestra in Paris.,trial,TextBlock[Jessica was a for...],"FixationSequence[Fixation[1161,597], ..., Fixation[1376,534]]",4,359,359,359,n/a,illegal_nonword
24,"['trial 5 start', 'trial 5 end']","FixationSequence[Fixation[734,550], ..., Fixation[1328,540]]",simple,1,paddle,paddle,We looked for the missing X all day but couldn't find it.,25,62,-240.0,We looked for the missing , all day but couldn't find it.,trial,TextBlock[We looked for the...],"FixationSequence[Fixation[734,550], ..., Fixation[1328,534]]",5,211,211,211,n/a,identical
25,"['trial 6 start', 'trial 6 end']","FixationSequence[Fixation[544,529], ..., Fixation[1555,546]]",simple,4,marathon,maratona,He missed the previous X and the one before that because of an injury.,22,77,-288.0,He missed the previous , and the one before that because of an injury.,trial,TextBlock[He missed the pre...],"FixationSequence[Fixation[544,529], ..., Fixation[1555,534]]",6,398,259,398,259,cognate
26,"['trial 7 start', 'trial 7 end']","FixationSequence[Fixation[811,541], ..., Fixation[1539,544]]",simple,3,theorem,teorema,This is an impossible X for us to prove in a traditional way.,21,67,-304.0,This is an impossible , for us to prove in a traditional way.,trial,TextBlock[This is an imposs...],"FixationSequence[Fixation[811,541], ..., Fixation[1539,534]]",7,147,147,147,n/a,cognate
33,"['trial 8 start', 'trial 8 end']","FixationSequence[Fixation[1167,596], ..., Fixation[1323,536]]",simple,1,surprise,surprise,I hope your X isn't going to be spoiled.,11,47,-464.0,I hope your , isn't going to be spoiled.,trial,TextBlock[I hope your surpr...],"FixationSequence[Fixation[1167,596], ..., Fixation[1323,534]]",8,337,183,337,183,identical
34,"['trial 9 start', 'trial 9 end']","FixationSequence[Fixation[749,542], ..., Fixation[1686,564]]",complex,1,vastness,virteso ,She dreamt about green X filled with sweeping winds and fishing boats.,22,77,-288.0,She dreamt about green , filled with sweeping winds and fishing boats.,trial,TextBlock[She dreamt about ...],"FixationSequence[Fixation[749,542], ..., Fixation[1686,534]]",9,126,126,126,n/a,legal_nonword
35,"['trial 10 start', 'trial 10 end']","FixationSequence[Fixation[625,534], ..., Fixation[1566,554]]",complex,3,signals,sibnalo,Maybe some of those X aren't coming from outer space.,19,59,-336.0,Maybe some of those , aren't coming from outer space.,trial,TextBlock[Maybe some of tho...],"FixationSequence[Fixation[625,534], ..., Fixation[1566,534]]",10,216,216,216,n/a,legal_nonword
36,"['trial 11 start', 'trial 11 end']","FixationSequence[Fixation[634,523], ..., Fixation[1523,561]]",simple,1,surprise,sartrine,John could always X Jane on their anniversary.,17,53,-368.0,John could always , Jane on their anniversary.,trial,TextBlock[John could always...],"FixationSequence[Fixation[634,523], ..., Fixation[1523,534]]",11,180,180,180,n/a,legal_nonword
37,"['trial 12 start', 'trial 12 end']","FixationSequence[Fixation[686,568], ..., Fixation[1364,567]]",complex,1,zealous,teamosi,Max was a little X at first when talking to strangers.,16,60,-384.0,Max was a little , at first when talking to strangers.,trial,TextBlock[Max was a little ...],"FixationSequence[Fixation[686,568], ..., Fixation[1364,534]]",12,341,177,341,177,legal_nonword
38,"['trial 13 start', 'trial 13 end']","FixationSequence[Fixation[723,560], ..., Fixation[1316,529]]",complex,3,luxurious,lussuoso ,Sasha definitely had X tastes when it came to desserts.,20,63,-320.0,Sasha definitely had , tastes when it came to desserts.,trial,TextBlock[Sasha definitely ...],"FixationSequence[Fixation[723,560], ..., Fixation[1316,534]]",13,192,192,192,n/a,cognate
39,"['trial 14 start', 'trial 14 end']","FixationSequence[Fixation[536,554], ..., Fixation[1469,543]]",simple,3,nephew,nopete,Only a special X would agree to help his uncle for a year.,14,63,-416.0,Only a special , would agree to help his uncle for a year.,trial,TextBlock[Only a special ne...],"FixationSequence[Fixation[536,554], ..., Fixation[1469,534]]",14,152,152,152,n/a,legal_nonword
40,"['trial 15 start', 'trial 15 end']","FixationSequence[Fixation[530,520], ..., Fixation[1527,562]]",simple,2,sphere,vgqmxl,Inside there was a light X resting on a pillow.,24,52,-256.0,Inside there was a light , resting on a pillow.,trial,TextBlock[Inside there was ...],"FixationSequence[Fixation[530,520], ..., Fixation[1527,534]]",15,344,344,344,n/a,illegal_nonword
41,"['trial 16 start', 'trial 16 end']","FixationSequence[Fixation[500,532], ..., Fixation[1481,546]]",complex,4,european,europeo ,Half of the recent X car sales are reported to be electric cars.,18,71,-352.0,Half of the recent , car sales are reported to be electric cars.,trial,TextBlock[Half of the recen...],"FixationSequence[Fixation[500,532], ..., Fixation[1481,534]]",16,383,220,383,220,cognate
42,"['trial 17 start', 'trial 17 end']","FixationSequence[Fixation[937,566], ..., Fixation[1516,562]]",complex,3,jealousy,gelosia ,They displayed a certain X over Audrey's sudden freedom.,24,63,-256.0,They displayed a certain , over Audrey's sudden freedom.,trial,TextBlock[They displayed a ...],"FixationSequence[Fixation[937,566], ..., Fixation[1516,534]]",17,249,249,249,n/a,cognate
43,"['trial 18 start', 'trial 18 end']","FixationSequence[Fixation[462,532], ..., Fixation[1489,542]]",complex,1,furious,farinus,I'm still incredibly X that I wasn't invited to the birthday party.,20,73,-320.0,I'm still incredibly , that I wasn't invited to the birthday party.,trial,TextBlock[I'm still incredi...],"FixationSequence[Fixation[462,532], ..., Fixation[1489,534]]",18,200,200,200,n/a,legal_nonword
47,"['trial 19 start', 'trial 19 end']","FixationSequence[Fixation[1163,594], ..., Fixation[1463,547]]",simple,4,platoon,ybrkhdv,Last summer our former X went through training runs every morning.,22,72,-288.0,Last summer our former , went through training runs every morning.,trial,TextBlock[Last summer our f...],"FixationSequence[Fixation[1163,594], ..., Fixation[1463,534]]",19,375,375,1024,n/a,illegal_nonword
48,"['trial 20 start', 'trial 20 end']","FixationSequence[Fixation[619,549], ..., Fixation[1483,541]]",complex,2,nervous,mwcyqdg,She was especially X before the test since she hadn't studied.,18,68,-352.0,She was especially , before the test since she hadn't studied.,trial,TextBlock[She was especiall...],"FixationSequence[Fixation[619,549], ..., Fixation[1483,534]]",20,474,474,626,n/a,illegal_nonword
49,"['trial 21 start', 'trial 21 end']","FixationSequence[Fixation[478,537], ..., Fixation[1230,553]]",simple,4,hybrid,ibrido,The most recent X cars are even more fuel-efficient.,15,57,-400.0,The most recent , cars are even more fuel-efficient.,trial,TextBlock[The most recent h...],"FixationSequence[Fixation[478,537], ..., Fixation[1230,534]]",21,163,163,163,n/a,cognate
53,"['trial 22 start', 'trial 22 end']","FixationSequence[Fixation[764,598], ..., Fixation[1630,571]]",complex,1,pianists,pianists,She wanted three X in the concert but only two arrived.,16,62,-384.0,She wanted three , in the concert but only two arrived.,trial,TextBlock[She wanted three ...],"FixationSequence[Fixation[764,598], ..., Fixation[1630,534]]",22,379,239,379,239,identical
54,"['trial 23 start', 'trial 23 end']","FixationSequence[Fixation[811,537], ..., Fixation[1539,558]]",simple,1,trumpet,trumpet,A badly broken X lay in the middle of the deserted stage.,14,63,-416.0,A badly broken , lay in the middle of the deserted stage.,trial,TextBlock[A badly broken tr...],"FixationSequence[Fixation[811,537], ..., Fixation[1539,534]]",23,195,195,195,n/a,identical
61,"['trial 24 start', 'trial 24 end']","FixationSequence[Fixation[1178,595], ..., Fixation[1659,542]]",complex,3,eruption,eruzione,They are prepared for a potential X whenever it may come.,33,64,-112.0,They are prepared for a potential , whenever it may come.,trial,TextBlock[They are prepared...],"FixationSequence[Fixation[1178,595], ..., Fixation[1659,534]]",24,179,179,179,n/a,cognate
62,"['trial 25 start', 'trial 25 end']","FixationSequence[Fixation[855,526], ..., Fixation[1553,550]]",simple,2,mountain,mountain,Reducing some of this X of paper would be nice.,21,54,-304.0,Reducing some of this , of paper would be nice.,trial,TextBlock[Reducing some of ...],"FixationSequence[Fixation[855,526], ..., Fixation[1553,534]]",25,158,158,158,n/a,identical
63,"['trial 26 start', 'trial 26 end']","FixationSequence[Fixation[710,521], ..., Fixation[1551,547]]",simple,1,example,enamert,We must consider the previous X of collaboration between the two labs.,29,76,-176.0,We must consider the previous , of collaboration between the two labs.,trial,TextBlock[We must consider ...],"FixationSequence[Fixation[710,521], ..., Fixation[1551,534]]",26,204,204,204,n/a,legal_nonword
64,"['trial 27 start', 'trial 27 end']","FixationSequence[Fixation[892,522], ..., Fixation[1442,540]]",simple,4,nostril,zwygmqv,In the right X there was a little circular piercing.,12,58,-448.0,In the right , there was a little circular piercing.,trial,TextBlock[In the right nost...],"FixationSequence[Fixation[892,522], ..., Fixation[1442,534]]",27,213,213,213,n/a,illegal_nonword
65,"['trial 28 start', 'trial 28 end']","FixationSequence[Fixation[837,544], ..., Fixation[1214,553]]",complex,4,gracious,grazioso,My mother was always X with her house guests.,20,52,-320.0,My mother was always , with her house guests.,trial,TextBlock[My mother was alw...],"FixationSequence[Fixation[837,544], ..., Fixation[1214,534]]",28,172,172,172,n/a,cognate
69,"['trial 29 start', 'trial 29 end']","FixationSequence[Fixation[1180,581], ..., Fixation[1202,541]]",complex,3,glorious,groritus,He would have been truly X as a king in his prime.,24,57,-256.0,He would have been truly , as a king in his prime.,trial,TextBlock[He would have bee...],"FixationSequence[Fixation[1180,581], ..., Fixation[1202,534]]",29,81,81,81,n/a,legal_nonword
73,"['trial 30 start', 'trial 30 end']","FixationSequence[Fixation[760,604], ..., Fixation[1644,548]]",simple,4,change,qdzljy,There might be some X in the use of this tool in the last decade.,19,70,-336.0,There might be some , in the use of this tool in the last decade.,trial,TextBlock[There might be so...],"FixationSequence[Fixation[760,604], ..., Fixation[1644,534]]",30,150,150,150,n/a,illegal_nonword
74,"['trial 31 start', 'trial 31 end']","FixationSequence[Fixation[784,543], ..., Fixation[1463,555]]",complex,2,acidity,lhxzfjb,Some slight additional X can always improve the taste.,22,60,-288.0,Some slight additional , can always improve the taste.,trial,TextBlock[Some slight addit...],"FixationSequence[Fixation[784,543], ..., Fixation[1463,534]]",31,343,343,765,n/a,illegal_nonword
75,"['trial 32 start', 'trial 32 end']","FixationSequence[Fixation[747,558], ..., Fixation[1460,531]]",complex,1,historic,miscori ,For this important X event to occur we need genuine cooperation.,18,71,-352.0,For this important , event to occur we need genuine cooperation.,trial,TextBlock[For this importan...],"FixationSequence[Fixation[747,558], ..., Fixation[1460,534]]",32,159,159,159,n/a,legal_nonword
78,"['trial 33 restart', 'trial 33 end']","FixationSequence[Fixation[991,539], ..., Fixation[1596,537]]",complex,2,asthmatic,xvbwkgqly,Children often experience X attacks as a result of tobacco smoke.,25,73,-240.0,Children often experience , attacks as a result of tobacco smoke.,trial,TextBlock[Children often ex...],"FixationSequence[Fixation[991,539], ..., Fixation[1596,534]]",33,711,171,711,171,illegal_nonword
79,"['trial 34 start', 'trial 34 end']","FixationSequence[Fixation[839,519], ..., Fixation[1384,522]]",simple,2,recruit,recruit,His recent favourite X was a tall muscular boy named Peter.,20,65,-320.0,His recent favourite , was a tall muscular boy named Peter.,trial,TextBlock[His recent favour...],"FixationSequence[Fixation[839,519], ..., Fixation[1384,534]]",34,88,88,88,n/a,identical
80,"['trial 35 start', 'trial 35 end']","FixationSequence[Fixation[914,529], ..., Fixation[1665,566]]",complex,2,humidity,humidity,I think higher X feels worse than having higher temperatures.,14,68,-416.0,I think higher , feels worse than having higher temperatures.,trial,TextBlock[I think higher hu...],"FixationSequence[Fixation[914,529], ..., Fixation[1665,534]]",35,199,199,199,n/a,identical
81,"['trial 36 start', 'trial 36 end']","FixationSequence[Fixation[820,521], ..., Fixation[1471,504]]",simple,1,hygiene,hygiene,The bags contained X items for the earthquake victims.,18,60,-352.0,The bags contained , items for the earthquake victims.,trial,TextBlock[The bags containe...],"FixationSequence[Fixation[820,521], ..., Fixation[1471,534]]",36,191,191,191,n/a,identical
82,"['trial 37 start', 'trial 37 end']","FixationSequence[Fixation[541,505], ..., Fixation[1669,539]]",complex,4,romantics,romantici,He always criticized X when he couldn’t express his own feelings.,20,73,-320.0,He always criticized , when he couldn’t express his own feelings.,trial,TextBlock[He always critici...],"FixationSequence[Fixation[541,505], ..., Fixation[1669,534]]",37,172,172,172,n/a,cognate
83,"['trial 38 start', 'trial 38 end']","FixationSequence[Fixation[474,530], ..., Fixation[1333,536]]",simple,3,lettuce,loctune,This will keep your X fresh and crunchy all week long.,19,60,-336.0,This will keep your , fresh and crunchy all week long.,trial,TextBlock[This will keep yo...],"FixationSequence[Fixation[474,530], ..., Fixation[1333,534]]",38,183,183,183,n/a,legal_nonword
84,"['trial 39 start', 'trial 39 end']","FixationSequence[Fixation[716,515], ..., Fixation[1645,521]]",simple,3,plaque,primue,The best way to eliminate X between your teeth is brushing them well.,25,74,-240.0,The best way to eliminate , between your teeth is brushing them well.,trial,TextBlock[The best way to e...],"FixationSequence[Fixation[716,515], ..., Fixation[1645,534]]",39,182,182,182,n/a,legal_nonword
85,"['trial 40 start', 'trial 40 end']","FixationSequence[Fixation[808,500], ..., Fixation[1585,568]]",complex,1,pianists,peaniste,It's impressive how effortlessly X improvise when playing jazz.,32,70,-128.0,It's impressive how effortlessly , improvise when playing jazz.,trial,TextBlock[It's impressive h...],"FixationSequence[Fixation[808,500], ..., Fixation[1585,534]]",40,394,195,394,195,legal_nonword
86,"['trial 41 start', 'trial 41 end']","FixationSequence[Fixation[827,508], ..., Fixation[1658,538]]",complex,3,eruption,ecaptian,A completely unexpected X from the moka sprayed coffee on the walls.,23,75,-272.0,A completely unexpected , from the moka sprayed coffee on the walls.,trial,TextBlock[A completely unex...],"FixationSequence[Fixation[827,508], ..., Fixation[1658,534]]",41,126,126,126,n/a,legal_nonword
87,"['trial 42 start', 'trial 42 end']","FixationSequence[Fixation[602,508], ..., Fixation[1426,529]]",complex,4,dignified,lpxqhcvkm,He doesn't deserve a graceful X exit after what he's done.,29,66,-176.0,He doesn't deserve a graceful , exit after what he's done.,trial,TextBlock[He doesn't deserv...],"FixationSequence[Fixation[602,508], ..., Fixation[1426,534]]",42,199,199,199,n/a,illegal_nonword
88,"['trial 43 start', 'trial 43 end']","FixationSequence[Fixation[399,534], ..., Fixation[1513,548]]",simple,3,yellow,gollia,There were large X plates on the table for the main course.,16,64,-384.0,There were large , plates on the table for the main course.,trial,TextBlock[There were large ...],"FixationSequence[Fixation[399,534], ..., Fixation[1513,534]]",43,169,169,169,n/a,legal_nonword
90,"['trial 44 restart', 'trial 44 end']","FixationSequence[Fixation[955,544], ..., Fixation[1363,537]]",simple,2,sphere,sphere,After a while their X of influence started to increase.,19,60,-336.0,After a while their , of influence started to increase.,trial,TextBlock[After a while the...],"FixationSequence[Fixation[955,544], ..., Fixation[1363,534]]",44,190,190,190,n/a,identical
91,"['trial 45 start', 'trial 45 end']","FixationSequence[Fixation[525,564], ..., Fixation[1620,575]]",simple,3,nephew,nipote,This time one other X was there for Ben during his breakdown.,19,66,-336.0,This time one other , was there for Ben during his breakdown.,trial,TextBlock[This time one oth...],"FixationSequence[Fixation[525,564], ..., Fixation[1620,534]]",45,291,291,291,n/a,cognate
101,"['trial 46 start', 'trial 46 end']","FixationSequence[Fixation[754,611], ..., Fixation[1550,578]]",complex,3,violence,violenza,If you promote X then it might be used on you too.,14,57,-416.0,If you promote , then it might be used on you too.,trial,TextBlock[If you promote vi...],"FixationSequence[Fixation[754,611], ..., Fixation[1550,534]]",46,164,164,164,n/a,cognate
105,"['trial 47 start', 'trial 47 end']","FixationSequence[Fixation[761,599], ..., Fixation[1588,567]]",complex,1,sanity,manitu,Any hope of a future X depended on our willingness to listen.,20,66,-320.0,Any hope of a future , depended on our willingness to listen.,trial,TextBlock[Any hope of a fut...],"FixationSequence[Fixation[761,599], ..., Fixation[1588,534]]",47,161,161,161,n/a,legal_nonword
112,"['trial 48 start', 'trial 48 end']","FixationSequence[Fixation[760,609], ..., Fixation[1516,558]]",simple,4,change,cambio,Looks like more X than anyone expected at the beginning of the project.,15,76,-400.0,Looks like more , than anyone expected at the beginning of the project.,trial,TextBlock[Looks like more c...],"FixationSequence[Fixation[760,609], ..., Fixation[1516,534]]",48,168,168,168,n/a,cognate
113,"['trial 49 start', 'trial 49 end']","FixationSequence[Fixation[706,555], ..., Fixation[1702,554]]",complex,3,signals,segnali,He continued to display X on the side of the field to motivate players.,23,77,-272.0,He continued to display , on the side of the field to motivate players.,trial,TextBlock[He continued to d...],"FixationSequence[Fixation[706,555], ..., Fixation[1702,534]]",49,199,199,199,n/a,cognate
114,"['trial 50 start', 'trial 50 end']","FixationSequence[Fixation[496,552], ..., Fixation[1630,578]]",simple,3,theorem,cheorea,It is a solid X now despite the time it took to prove it.,13,63,-432.0,It is a solid , now despite the time it took to prove it.,trial,TextBlock[It is a solid the...],"FixationSequence[Fixation[496,552], ..., Fixation[1630,534]]",50,218,218,218,n/a,legal_nonword
115,"['trial 51 start', 'trial 51 end']","FixationSequence[Fixation[863,551], ..., Fixation[1695,565]]",complex,1,fortress,firtesco,John had made a personal X of his library and was a private scholar.,24,75,-256.0,John had made a personal , of his library and was a private scholar.,trial,TextBlock[John had made a p...],"FixationSequence[Fixation[863,551], ..., Fixation[1695,534]]",51,248,248,248,n/a,legal_nonword
116,"['trial 52 start', 'trial 52 end']","FixationSequence[Fixation[851,532], ..., Fixation[1400,542]]",simple,3,spinach,slinaco,After a short wait seven X bowls were brought to the table.,24,65,-256.0,After a short wait seven , bowls were brought to the table.,trial,TextBlock[After a short wai...],"FixationSequence[Fixation[851,532], ..., Fixation[1400,534]]",52,233,233,233,n/a,legal_nonword
120,"['trial 53 start', 'trial 53 end']","FixationSequence[Fixation[1139,621], ..., Fixation[1683,621]]",simple,2,vehicle,pyjmgqd,Yesterday I saw another X on that street in the middle of the day.,23,72,-272.0,Yesterday I saw another , on that street in the middle of the day.,trial,TextBlock[Yesterday I saw a...],"FixationSequence[Fixation[1139,621], ..., Fixation[1683,534]]",53,380,380,380,n/a,illegal_nonword
121,"['trial 54 start', 'trial 54 end']","FixationSequence[Fixation[681,526], ..., Fixation[1682,566]]",simple,2,island,yrbgqh,Our own little X of personal space is our table in the restaurant.,14,71,-416.0,Our own little , of personal space is our table in the restaurant.,trial,TextBlock[Our own little is...],"FixationSequence[Fixation[681,526], ..., Fixation[1682,534]]",54,236,236,236,n/a,illegal_nonword
122,"['trial 55 start', 'trial 55 end']","FixationSequence[Fixation[601,555], ..., Fixation[1526,556]]",complex,4,northern,nordico ,It's actually between X Spain and the south of France.,21,61,-304.0,It's actually between , Spain and the south of France.,trial,TextBlock[It's actually bet...],"FixationSequence[Fixation[601,555], ..., Fixation[1526,534]]",55,305,215,305,215,cognate
123,"['trial 56 start', 'trial 56 end']","FixationSequence[Fixation[799,536], ..., Fixation[1618,581]]",simple,3,spinach,spinaci,The look of the brownish X didn't appeal to him at all.,24,61,-256.0,The look of the brownish , didn't appeal to him at all.,trial,TextBlock[The look of the b...],"FixationSequence[Fixation[799,536], ..., Fixation[1618,534]]",56,235,235,235,n/a,cognate
127,"['trial 57 start', 'trial 57 end']","FixationSequence[Fixation[764,590], ..., Fixation[1493,551]]",complex,4,northern,qsxpzmbk,This is the great X tradition of coffee breaks called fika.,17,66,-368.0,This is the great , tradition of coffee breaks called fika.,trial,TextBlock[This is the great...],"FixationSequence[Fixation[764,590], ..., Fixation[1493,534]]",57,149,149,149,n/a,illegal_nonword
131,"['trial 58 start', 'trial 58 end']","FixationSequence[Fixation[1158,618], ..., Fixation[1496,566]]",simple,3,horror,orpora,Think of it as a typical X film where the monsters end up defeated.,24,72,-256.0,Think of it as a typical , film where the monsters end up defeated.,trial,TextBlock[Think of it as a ...],"FixationSequence[Fixation[1158,618], ..., Fixation[1496,534]]",58,190,190,190,n/a,legal_nonword
132,"['trial 59 start', 'trial 59 end']","FixationSequence[Fixation[706,557], ..., Fixation[1637,579]]",complex,4,romantics,pvswfkdtb,All of those X out there believe that her lover married her.,12,68,-448.0,All of those , out there believe that her lover married her.,trial,TextBlock[All of those roma...],"FixationSequence[Fixation[706,557], ..., Fixation[1637,534]]",59,448,128,448,128,illegal_nonword
133,"['trial 60 start', 'trial 60 end']","FixationSequence[Fixation[840,522], ..., Fixation[1588,560]]",complex,2,sculptor,jzghxmfq,A very controversial X designed this piece last year.,20,60,-320.0,A very controversial , designed this piece last year.,trial,TextBlock[A very controvers...],"FixationSequence[Fixation[840,522], ..., Fixation[1588,534]]",60,328,157,328,157,illegal_nonword
134,"['trial 61 start', 'trial 61 end']","FixationSequence[Fixation[514,550], ..., Fixation[1611,554]]",complex,1,greatness,grentieno,George is exceptional at seeing X in someone young and training them.,31,77,-144.0,George is exceptional at seeing , in someone young and training them.,trial,TextBlock[George is excepti...],"FixationSequence[Fixation[514,550], ..., Fixation[1611,534]]",61,258,258,2403,n/a,legal_nonword
135,"['trial 62 start', 'trial 62 end']","FixationSequence[Fixation[882,532], ..., Fixation[1657,560]]",complex,4,gracious,vkmlyhjw,While still sounding X and complimenting his employees he resigned.,20,74,-320.0,While still sounding , and complimenting his employees he resigned.,trial,TextBlock[While still sound...],"FixationSequence[Fixation[882,532], ..., Fixation[1657,534]]",62,204,204,204,n/a,illegal_nonword
136,"['trial 63 start', 'trial 63 end']","FixationSequence[Fixation[628,537], ..., Fixation[1595,546]]",complex,4,dignified,dignitoso,We need to develop X human rights laws for refugees.,18,60,-352.0,We need to develop , human rights laws for refugees.,trial,TextBlock[We need to develo...],"FixationSequence[Fixation[628,537], ..., Fixation[1595,534]]",63,153,153,153,n/a,cognate
140,"['trial 64 start', 'trial 64 end']","FixationSequence[Fixation[1188,610], ..., Fixation[1784,585]]",simple,1,paddle,pombre,Only one old blue X was left in the boat when they checked.,17,64,-368.0,Only one old blue , was left in the boat when they checked.,trial,TextBlock[Only one old blue...],"FixationSequence[Fixation[1188,610], ..., Fixation[1784,534]]",64,347,178,615,178,legal_nonword
142,"['trial 65 start', 'trial 65 end']","FixationSequence[Fixation[945,541], ..., Fixation[1660,521]]",complex,3,audible,aifible,The dog is definitely X when he spots a cat down the street.,21,66,-304.0,The dog is definitely , when he spots a cat down the street.,trial,TextBlock[The dog is defini...],"FixationSequence[Fixation[945,541], ..., Fixation[1660,534]]",65,174,174,174,n/a,legal_nonword
143,"['trial 66 start', 'trial 66 end']","FixationSequence[Fixation[932,534], ..., Fixation[1593,533]]",simple,2,vehicle,vehicle,It's definitely a great X for a large family.,23,51,-272.0,It's definitely a great , for a large family.,trial,TextBlock[It's definitely a...],"FixationSequence[Fixation[932,534], ..., Fixation[1593,534]]",66,178,178,178,n/a,identical
144,"['trial 67 start', 'trial 67 end']","FixationSequence[Fixation[735,526], ..., Fixation[1317,555]]",simple,1,prophet,troglet,He found the young X at the back of the church.,18,53,-352.0,He found the young , at the back of the church.,trial,TextBlock[He found the youn...],"FixationSequence[Fixation[735,526], ..., Fixation[1317,534]]",67,399,184,399,184,legal_nonword
145,"['trial 68 start', 'trial 68 end']","FixationSequence[Fixation[813,521], ..., Fixation[1335,558]]",complex,2,bandages,bandages,There were clean X left on the floor of the hospital.,16,60,-384.0,There were clean , left on the floor of the hospital.,trial,TextBlock[There were clean ...],"FixationSequence[Fixation[813,521], ..., Fixation[1335,534]]",68,313,313,313,n/a,identical
146,"['trial 69 start', 'trial 69 end']","FixationSequence[Fixation[688,525], ..., Fixation[1442,541]]",simple,4,nostril,narice ,I bought an electric X groomer from the same store.,20,57,-320.0,I bought an electric , groomer from the same store.,trial,TextBlock[I bought an elect...],"FixationSequence[Fixation[688,525], ..., Fixation[1442,534]]",69,341,158,341,158,cognate
147,"['trial 70 start', 'trial 70 end']","FixationSequence[Fixation[431,525], ..., Fixation[1726,558]]",simple,2,genius,tvkxmh,She is one of those X characters who don't work hard but succeed anyway.,19,77,-336.0,She is one of those , characters who don't work hard but succeed anyway.,trial,TextBlock[She is one of tho...],"FixationSequence[Fixation[431,525], ..., Fixation[1726,534]]",70,202,202,202,n/a,illegal_nonword
148,"['trial 71 start', 'trial 71 end']","FixationSequence[Fixation[650,540], ..., Fixation[1560,523]]",simple,1,school,oscolo,With so much X work to do they didn't have time to travel much.,12,68,-448.0,With so much , work to do they didn't have time to travel much.,trial,TextBlock[With so much scho...],"FixationSequence[Fixation[650,540], ..., Fixation[1560,534]]",71,379,379,379,n/a,legal_nonword
152,"['trial 72 start', 'trial 72 end']","FixationSequence[Fixation[1164,592], ..., Fixation[1631,561]]",complex,3,vigilance,vigilanza,I appreciate your tireless X in getting the truth out there.,26,68,-224.0,I appreciate your tireless , in getting the truth out there.,trial,TextBlock[I appreciate your...],"FixationSequence[Fixation[1164,592], ..., Fixation[1631,534]]",72,198,198,198,n/a,cognate
159,"['trial 73 start', 'trial 73 end']","FixationSequence[Fixation[772,590], ..., Fixation[1173,572]]",complex,4,european,gkmlcdht,That's a very X point of view on recycling.,13,50,-432.0,That's a very , point of view on recycling.,trial,TextBlock[That's a very eur...],"FixationSequence[Fixation[772,590], ..., Fixation[1173,534]]",73,162,162,162,n/a,illegal_nonword
160,"['trial 74 start', 'trial 74 end']","FixationSequence[Fixation[750,525], ..., Fixation[1479,532]]",simple,4,throne,sbzvlm,He dashed into the crowded X room without hesitation.,26,58,-224.0,He dashed into the crowded , room without hesitation.,trial,TextBlock[He dashed into th...],"FixationSequence[Fixation[750,525], ..., Fixation[1479,534]]",74,463,463,2705,n/a,illegal_nonword
164,"['trial 75 start', 'trial 75 end']","FixationSequence[Fixation[754,585], ..., Fixation[1425,538]]",simple,4,throne,trono ,The small purple X for the prince sat at the head of his table.,16,68,-384.0,The small purple , for the prince sat at the head of his table.,trial,TextBlock[The small purple ...],"FixationSequence[Fixation[754,585], ..., Fixation[1425,534]]",75,193,193,193,n/a,cognate
165,"['trial 76 start', 'trial 76 end']","FixationSequence[Fixation[777,549], ..., Fixation[1466,543]]",complex,1,fortress,fortress,She told us about the black X on a hill above all the land.,27,66,-208.0,She told us about the black , on a hill above all the land.,trial,TextBlock[She told us about...],"FixationSequence[Fixation[777,549], ..., Fixation[1466,534]]",76,183,183,183,n/a,identical
166,"['trial 77 start', 'trial 77 end']","FixationSequence[Fixation[711,540], ..., Fixation[1694,559]]",complex,4,density,densità,Our bodies are the right X not to float away into space.,24,62,-256.0,Our bodies are the right , not to float away into space.,trial,TextBlock[Our bodies are th...],"FixationSequence[Fixation[711,540], ..., Fixation[1694,534]]",77,336,175,336,175,cognate
167,"['trial 78 start', 'trial 78 end']","FixationSequence[Fixation[770,547], ..., Fixation[1580,543]]",simple,3,resource,selorca ,The course introduces X management to combat global warning.,21,67,-304.0,The course introduces , management to combat global warning.,trial,TextBlock[The course introd...],"FixationSequence[Fixation[770,547], ..., Fixation[1580,534]]",78,366,235,366,235,legal_nonword
177,"['trial 79 start', 'trial 79 end']","FixationSequence[Fixation[757,588], ..., Fixation[1507,535]]",simple,2,mountain,qslzwyfr,After this one there will be another X before the end of our quest.,36,74,-64.0,After this one there will be another , before the end of our quest.,trial,TextBlock[After this one th...],"FixationSequence[Fixation[757,588], ..., Fixation[1507,534]]",79,201,201,201,n/a,illegal_nonword
178,"['trial 80 start', 'trial 80 end']","FixationSequence[Fixation[804,542], ..., Fixation[1484,582]]",complex,3,audible,udibile,It was almost X how excited she was at the news.,13,54,-432.0,It was almost , how excited she was at the news.,trial,TextBlock[It was almost aud...],"FixationSequence[Fixation[804,542], ..., Fixation[1484,534]]",80,151,151,151,n/a,cognate
179,"['trial 81 start', 'trial 81 end']","FixationSequence[Fixation[786,528], ..., Fixation[1690,608]]",complex,1,greatness,greatness,Make your way towards X by pushing yourself to be better.,21,65,-304.0,Make your way towards , by pushing yourself to be better.,trial,TextBlock[Make your way tow...],"FixationSequence[Fixation[786,528], ..., Fixation[1690,534]]",81,322,162,322,162,identical
183,"['trial 82 start', 'trial 82 end']","FixationSequence[Fixation[1159,584], ..., Fixation[1652,577]]",complex,1,vastness,vastness,The snowy white X of the North Pole makes it difficult to survive.,15,73,-400.0,The snowy white , of the North Pole makes it difficult to survive.,trial,TextBlock[The snowy white v...],"FixationSequence[Fixation[1159,584], ..., Fixation[1652,534]]",82,287,287,287,n/a,identical
187,"['trial 83 start', 'trial 83 end']","FixationSequence[Fixation[1168,602], ..., Fixation[1487,542]]",simple,2,parcel,parcel,There was a large X on her doorstep when she got home.,17,59,-368.0,There was a large , on her doorstep when she got home.,trial,TextBlock[There was a large...],"FixationSequence[Fixation[1168,602], ..., Fixation[1487,534]]",83,174,174,174,n/a,identical
188,"['trial 84 start', 'trial 84 end']","FixationSequence[Fixation[903,528], ..., Fixation[1670,562]]",simple,1,molecule,maledule,For the journey every X will be reused in this sustainable spaceship.,21,76,-304.0,For the journey every , will be reused in this sustainable spaceship.,trial,TextBlock[For the journey e...],"FixationSequence[Fixation[903,528], ..., Fixation[1670,534]]",84,311,311,432,n/a,legal_nonword
189,"['trial 85 start', 'trial 85 end']","FixationSequence[Fixation[913,519], ..., Fixation[1619,545]]",complex,2,sculptor,sculptor,Charles was the only X to have understood what I wanted.,20,63,-320.0,Charles was the only , to have understood what I wanted.,trial,TextBlock[Charles was the o...],"FixationSequence[Fixation[913,519], ..., Fixation[1619,534]]",85,142,142,142,n/a,identical
190,"['trial 86 start', 'trial 86 end']","FixationSequence[Fixation[804,530], ..., Fixation[1576,571]]",complex,2,bandages,hkyqmfrp,Please change your X every two days for it to heal.,18,58,-352.0,Please change your , every two days for it to heal.,trial,TextBlock[Please change you...],"FixationSequence[Fixation[804,530], ..., Fixation[1576,534]]",86,324,324,324,n/a,illegal_nonword
191,"['trial 87 start', 'trial 87 end']","FixationSequence[Fixation[809,542], ..., Fixation[1602,555]]",simple,4,platoon,plotone,Those in the first X were the ones who get hurt the worst.,18,64,-352.0,Those in the first , were the ones who get hurt the worst.,trial,TextBlock[Those in the firs...],"FixationSequence[Fixation[809,542], ..., Fixation[1602,534]]",87,189,189,189,n/a,cognate
192,"['trial 88 start', 'trial 88 end']","FixationSequence[Fixation[830,526], ..., Fixation[1216,530]]",simple,2,synagogue,synagogue,No doubt this X has the most beautiful exterior.,13,56,-432.0,No doubt this , has the most beautiful exterior.,trial,TextBlock[No doubt this syn...],"FixationSequence[Fixation[830,526], ..., Fixation[1216,534]]",88,404,272,404,272,identical
193,"['trial 89 start', 'trial 89 end']","FixationSequence[Fixation[648,615], ..., Fixation[1567,534]]",simple,2,genius,genius,He has a certain X matched by his sympathy for all kinds of behaviour.,16,75,-384.0,He has a certain , matched by his sympathy for all kinds of behaviour.,trial,TextBlock[He has a certain ...],"FixationSequence[Fixation[648,615], ..., Fixation[1567,534]]",89,186,186,186,n/a,identical
194,"['trial 90 start', 'trial 90 end']","FixationSequence[Fixation[809,527], ..., Fixation[1480,535]]",complex,1,historic,historic,What an excitingly X setting for the last race of the season.,18,68,-352.0,What an excitingly , setting for the last race of the season.,trial,TextBlock[What an excitingl...],"FixationSequence[Fixation[809,527], ..., Fixation[1480,534]]",90,183,183,183,n/a,identical
195,"['trial 91 start', 'trial 91 end']","FixationSequence[Fixation[688,528], ..., Fixation[1393,542]]",simple,4,rhythm,ritmo ,It has a real X that you can easily dance to.,13,50,-432.0,It has a real , that you can easily dance to.,trial,TextBlock[It has a real rhy...],"FixationSequence[Fixation[688,528], ..., Fixation[1393,534]]",91,199,199,199,n/a,cognate
196,"['trial 92 start', 'trial 92 end']","FixationSequence[Fixation[660,523], ..., Fixation[1546,566]]",complex,4,firmness,fermezza,He showed the same X with his children as with his soldiers.,18,67,-352.0,He showed the same , with his children as with his soldiers.,trial,TextBlock[He showed the sam...],"FixationSequence[Fixation[660,523], ..., Fixation[1546,534]]",92,22,22,22,n/a,cognate
197,"['trial 93 start', 'trial 93 end']","FixationSequence[Fixation[702,543], ..., Fixation[1459,538]]",simple,4,sponge,qmxhkc,This type of natural X is exactly what you need to clean your house.,20,73,-320.0,This type of natural , is exactly what you need to clean your house.,trial,TextBlock[This type of natu...],"FixationSequence[Fixation[702,543], ..., Fixation[1459,534]]",93,419,419,536,n/a,illegal_nonword
198,"['trial 94 start', 'trial 94 end']","FixationSequence[Fixation[466,523], ..., Fixation[1512,545]]",simple,1,trumpet,prembe ,You shall be a fearless X of truth and a voice of godly influence.,23,72,-272.0,You shall be a fearless , of truth and a voice of godly influence.,trial,TextBlock[You shall be a fe...],"FixationSequence[Fixation[466,523], ..., Fixation[1512,534]]",94,323,323,634,n/a,legal_nonword
199,"['trial 95 start', 'trial 95 end']","FixationSequence[Fixation[712,546], ..., Fixation[1551,576]]",simple,2,synagogue,lzcrjhwfx,You may expect every X to be different in some way.,20,59,-320.0,You may expect every , to be different in some way.,trial,TextBlock[You may expect ev...],"FixationSequence[Fixation[712,546], ..., Fixation[1551,534]]",95,331,212,331,212,illegal_nonword
200,"['trial 96 start', 'trial 96 end']","FixationSequence[Fixation[800,540], ..., Fixation[1490,552]]",simple,3,resource,risorsa ,It's an amazing X for young students interested in biology.,15,66,-400.0,It's an amazing , for young students interested in biology.,trial,TextBlock[It's an amazing r...],"FixationSequence[Fixation[800,540], ..., Fixation[1490,534]]",96,393,211,393,211,cognate
207,"['trial 97 start', 'trial 97 end']","FixationSequence[Fixation[972,563], ..., Fixation[1637,546]]",complex,1,furious,furious,Brian was clearly X about the grade he got for his final exam.,17,68,-368.0,Brian was clearly , about the grade he got for his final exam.,trial,TextBlock[Brian was clearly...],"FixationSequence[Fixation[972,563], ..., Fixation[1637,534]]",97,171,171,171,n/a,identical
211,"['trial 98 start', 'trial 98 end']","FixationSequence[Fixation[766,605], ..., Fixation[1564,565]]",simple,1,prophet,prophet,In centuries no other X had managed to unite them as he did.,21,66,-304.0,In centuries no other , had managed to unite them as he did.,trial,TextBlock[In centuries no o...],"FixationSequence[Fixation[766,605], ..., Fixation[1564,534]]",98,211,211,211,n/a,identical
212,"['trial 99 start', 'trial 99 end']","FixationSequence[Fixation[813,524], ..., Fixation[1451,547]]",simple,4,sponge,spugna,A large square X sat on the side of the kitchen sink.,14,58,-416.0,A large square , sat on the side of the kitchen sink.,trial,TextBlock[A large square sp...],"FixationSequence[Fixation[813,524], ..., Fixation[1451,534]]",99,199,199,199,n/a,cognate
213,"['trial 100 start', 'trial 100 end']","FixationSequence[Fixation[909,532], ..., Fixation[1579,558]]",complex,2,genetics,jwxmbryz,That is partly about X and partly about how you were raised.,20,67,-320.0,That is partly about , and partly about how you were raised.,trial,TextBlock[That is partly ab...],"FixationSequence[Fixation[909,532], ..., Fixation[1579,534]]",100,335,176,335,176,illegal_nonword
214,"['trial 101 start', 'trial 101 end']","FixationSequence[Fixation[944,538], ..., Fixation[1392,577]]",complex,1,sanity,sanity,Let's bring some X back into this debate.,16,46,-384.0,Let's bring some , back into this debate.,trial,TextBlock[Let's bring some ...],"FixationSequence[Fixation[944,538], ..., Fixation[1392,534]]",101,174,174,174,n/a,identical
215,"['trial 102 start', 'trial 102 end']","FixationSequence[Fixation[803,539], ..., Fixation[1364,559]]",complex,3,violence,vielerce,Let's talk about X in a home environment between parents.,16,64,-384.0,Let's talk about , in a home environment between parents.,trial,TextBlock[Let's talk about ...],"FixationSequence[Fixation[803,539], ..., Fixation[1364,534]]",102,296,147,296,147,legal_nonword
219,"['trial 103 start', 'trial 103 end']","FixationSequence[Fixation[1178,588], ..., Fixation[1494,581]]",simple,1,school,school,Linda always disliked X when it was sunny outside.,21,55,-304.0,Linda always disliked , when it was sunny outside.,trial,TextBlock[Linda always disl...],"FixationSequence[Fixation[1178,588], ..., Fixation[1494,534]]",103,169,169,169,n/a,identical
220,"['trial 104 start', 'trial 104 end']","FixationSequence[Fixation[807,525], ..., Fixation[1618,575]]",complex,2,sensitive,qhgrxzpcw,There’s a possibility X data has been transmitted to scammers.,21,70,-304.0,There’s a possibility , data has been transmitted to scammers.,trial,TextBlock[There’s a possibi...],"FixationSequence[Fixation[807,525], ..., Fixation[1618,534]]",104,429,238,429,238,illegal_nonword
221,"['trial 105 start', 'trial 105 end']","FixationSequence[Fixation[620,528], ..., Fixation[1384,565]]",complex,2,nervous,nervous,With an unexpected X energy she ran faster and faster.,18,60,-352.0,With an unexpected , energy she ran faster and faster.,trial,TextBlock[With an unexpecte...],"FixationSequence[Fixation[620,528], ..., Fixation[1384,534]]",105,174,174,174,n/a,identical
222,"['trial 106 start', 'trial 106 end']","FixationSequence[Fixation[918,574], ..., Fixation[1356,550]]",simple,2,recruit,xzmdnbq,It looked like the newest X was going to fail his exams.,25,62,-240.0,It looked like the newest , was going to fail his exams.,trial,TextBlock[It looked like th...],"FixationSequence[Fixation[918,574], ..., Fixation[1356,534]]",106,199,199,199,n/a,illegal_nonword
226,"['trial 107 start', 'trial 107 end']","FixationSequence[Fixation[1166,610], ..., Fixation[1527,557]]",simple,3,plaque,placca,Choosing the right X to buy is not quite easy.,18,51,-352.0,Choosing the right , to buy is not quite easy.,trial,TextBlock[Choosing the righ...],"FixationSequence[Fixation[1166,610], ..., Fixation[1527,534]]",107,299,147,299,147,cognate
227,"['trial 108 start', 'trial 108 end']","FixationSequence[Fixation[884,584], ..., Fixation[1554,553]]",complex,4,density,rfmcbvj,We need the right X of reflective bits to decrease solar radiation.,17,73,-368.0,We need the right , of reflective bits to decrease solar radiation.,trial,TextBlock[We need the right...],"FixationSequence[Fixation[884,584], ..., Fixation[1554,534]]",108,359,359,2175,n/a,illegal_nonword
228,"['trial 109 start', 'trial 109 end']","FixationSequence[Fixation[896,562], ..., Fixation[1443,572]]",complex,3,jealousy,fialoti ,A touch of friendly X can put a spark in a relationship.,19,63,-336.0,A touch of friendly , can put a spark in a relationship.,trial,TextBlock[A touch of friend...],"FixationSequence[Fixation[896,562], ..., Fixation[1443,534]]",109,369,178,369,178,legal_nonword
238,"['trial 110 start', 'trial 110 end']","FixationSequence[Fixation[1162,628], ..., Fixation[1396,572]]",complex,1,zealous,zealous,Some people are more X than others at church.,20,51,-320.0,Some people are more , than others at church.,trial,TextBlock[Some people are m...],"FixationSequence[Fixation[1162,628], ..., Fixation[1396,534]]",110,156,156,2009,n/a,identical
239,"['trial 111 start', 'trial 111 end']","FixationSequence[Fixation[867,560], ..., Fixation[1543,560]]",simple,2,island,island,The beauty of this amazing X is one of my best memories.,26,61,-224.0,The beauty of this amazing , is one of my best memories.,trial,TextBlock[The beauty of thi...],"FixationSequence[Fixation[867,560], ..., Fixation[1543,534]]",111,223,223,7866,n/a,identical
240,"['trial 112 start', 'trial 112 end']","FixationSequence[Fixation[857,531], ..., Fixation[1377,578]]",simple,3,yellow,giallo,Yesterday he declared X alerts for several areas.,21,54,-304.0,Yesterday he declared , alerts for several areas.,trial,TextBlock[Yesterday he decl...],"FixationSequence[Fixation[857,531], ..., Fixation[1377,534]]",112,101,101,101,n/a,cognate
247,"['trial 113 start', 'trial 113 end']","FixationSequence[Fixation[1179,631], ..., Fixation[1594,569]]",simple,4,marathon,vfcgszwk,The important thing during X training is not to run too quickly.,26,71,-224.0,The important thing during , training is not to run too quickly.,trial,TextBlock[The important thi...],"FixationSequence[Fixation[1179,631], ..., Fixation[1594,534]]",113,153,153,153,n/a,illegal_nonword
248,"['trial 114 start', 'trial 114 end']","FixationSequence[Fixation[1026,542], ..., Fixation[1228,544]]",complex,2,asthmatic,asthmatic,He quickly became X and had trouble breathing.,17,54,-368.0,He quickly became , and had trouble breathing.,trial,TextBlock[He quickly became...],"FixationSequence[Fixation[1026,542], ..., Fixation[1228,534]]",114,340,126,340,126,identical
249,"['trial 115 start', 'trial 115 end']","FixationSequence[Fixation[951,554], ..., Fixation[1471,551]]",complex,3,vigilance,vagilasce,He needs great X for the task at hand to avoid making mistakes.,14,71,-416.0,He needs great , for the task at hand to avoid making mistakes.,trial,TextBlock[He needs great vi...],"FixationSequence[Fixation[951,554], ..., Fixation[1471,534]]",115,195,195,195,n/a,legal_nonword
250,"['trial 116 start', 'trial 116 end']","FixationSequence[Fixation[900,558], ..., Fixation[1587,558]]",simple,4,rhythm,kjxgqs,He found a good X in the second quarter and scored thirty points.,15,70,-400.0,He found a good , in the second quarter and scored thirty points.,trial,TextBlock[He found a good r...],"FixationSequence[Fixation[900,558], ..., Fixation[1587,534]]",116,346,346,346,n/a,illegal_nonword
251,"['trial 117 start', 'trial 117 end']","FixationSequence[Fixation[875,537], ..., Fixation[1499,555]]",complex,3,luxurious,lupritta ,They were moved to relatively X quarters when they complained.,29,70,-176.0,They were moved to relatively , quarters when they complained.,trial,TextBlock[They were moved t...],"FixationSequence[Fixation[875,537], ..., Fixation[1499,534]]",117,531,531,531,n/a,legal_nonword
252,"['trial 118 start', 'trial 118 end']","FixationSequence[Fixation[947,526], ..., Fixation[1387,560]]",simple,3,horror,orrore,"We all have interesting X stories we can tell, don't we?",23,61,-272.0,We all have interesting ," stories we can tell, don't we?",trial,TextBlock[We all have inter...],"FixationSequence[Fixation[947,526], ..., Fixation[1387,534]]",118,201,201,201,n/a,cognate
253,"['trial 119 start', 'trial 119 end']","FixationSequence[Fixation[917,537], ..., Fixation[1380,544]]",complex,2,acidity,acidity,You can increase X by adding lemon juice to the mixture.,16,62,-384.0,You can increase , by adding lemon juice to the mixture.,trial,TextBlock[You can increase ...],"FixationSequence[Fixation[917,537], ..., Fixation[1380,534]]",119,151,151,151,n/a,identical
254,"['trial 120 start', 'trial 120 end']","FixationSequence[Fixation[954,549], ..., Fixation[1663,548]]",simple,2,parcel,hfjmwt,Jane recognised the bright X containing the books she had ordered.,26,71,-224.0,Jane recognised the bright , containing the books she had ordered.,trial,TextBlock[Jane recognised t...],"FixationSequence[Fixation[954,549], ..., Fixation[1663,534]]",120,255,255,255,n/a,illegal_nonword
256,"['trial 121 restart', 'trial 121 end']","FixationSequence[Fixation[963,542], ..., Fixation[1379,550]]",complex,2,sensitive,sensitive,The Arctic Ocean is more X to changes in climate.,24,57,-256.0,The Arctic Ocean is more , to changes in climate.,trial,TextBlock[The Arctic Ocean ...],"FixationSequence[Fixation[963,542], ..., Fixation[1379,534]]",121,163,163,163,n/a,identical
257,"['trial 122 start', 'trial 122 end']","FixationSequence[Fixation[835,506], ..., Fixation[1608,577]]",simple,4,hybrid,tslwxg,I decided to invent X bicycles because the planet needed our help.,19,71,-336.0,I decided to invent , bicycles because the planet needed our help.,trial,TextBlock[I decided to inve...],"FixationSequence[Fixation[835,506], ..., Fixation[1608,534]]",122,227,227,435,n/a,illegal_nonword
258,"['trial 123 start', 'trial 123 end']","FixationSequence[Fixation[840,507], ..., Fixation[1568,545]]",complex,2,humidity,zrbncpfg,Try to maintain the right X and temperature to prevent spoiling.,25,71,-240.0,Try to maintain the right , and temperature to prevent spoiling.,trial,TextBlock[Try to maintain t...],"FixationSequence[Fixation[840,507], ..., Fixation[1568,534]]",123,189,189,381,n/a,illegal_nonword
259,"['trial 124 start', 'trial 124 end']","FixationSequence[Fixation[863,539], ..., Fixation[1469,570]]",complex,3,glorious,gloriosa,We really have X weather today with this sun.,14,52,-416.0,We really have , weather today with this sun.,trial,TextBlock[We really have gl...],"FixationSequence[Fixation[863,539], ..., Fixation[1469,534]]",124,180,180,180,n/a,cognate
260,"['trial 125 start', 'trial 125 end']","FixationSequence[Fixation[859,528], ..., Fixation[1491,540]]",simple,1,example,example,It has shown them a true X of how to fight back against wars. ,24,68,-256.0,It has shown them a true , of how to fight back against wars. ,trial,TextBlock[It has shown them...],"FixationSequence[Fixation[859,528], ..., Fixation[1491,534]]",125,128,128,128,n/a,identical
261,"['trial 126 start', 'trial 126 end']","FixationSequence[Fixation[862,512], ..., Fixation[1355,549]]",complex,4,firmness,btjwqdyl,She detected an unusual X during a routine examination.,23,62,-272.0,She detected an unusual , during a routine examination.,trial,TextBlock[She detected an u...],"FixationSequence[Fixation[862,512], ..., Fixation[1355,534]]",126,314,180,314,180,illegal_nonword
265,"['trial 127 start', 'trial 127 end']","FixationSequence[Fixation[1167,598], ..., Fixation[1416,549]]",complex,4,soloist,solista,That evening the only X in the orchestra was a violin player.,21,67,-304.0,That evening the only , in the orchestra was a violin player.,trial,TextBlock[That evening the ...],"FixationSequence[Fixation[1167,598], ..., Fixation[1416,534]]",127,202,202,202,n/a,cognate
266,"['trial 128 start', 'trial 128 end']","FixationSequence[Fixation[985,530], ..., Fixation[1300,555]]",simple,1,hygiene,agiene ,You need good X in the operating room.,13,44,-432.0,You need good , in the operating room.,trial,TextBlock[You need good hyg...],"FixationSequence[Fixation[985,530], ..., Fixation[1300,534]]",128,222,222,222,n/a,legal_nonword
